exp,fold,threshold,accuracy,prec_benign,rec_benign,f1_benign,prec_malignant,rec_malignant,f1_malignant,macro_prec,macro_rec,macro_f1,weighted_prec,weighted_rec,weighted_f1,auc,mcc
ImgSE_Concat,1,0.43000000000000027,0.834375,0.7263157894736842,0.71875,0.7225130890052356,0.88,0.8839285714285714,0.8819599109131403,0.8031578947368421,0.8013392857142857,0.802236499959188,0.8338947368421052,0.834375,0.8341258643407687,0.8503999255952381,0.6044944448335208
ImgSE_Concat,2,0.6200000000000004,0.809375,0.6666666666666666,0.7291666666666666,0.6965174129353234,0.8790697674418605,0.84375,0.8610478359908884,0.7728682170542636,0.7864583333333333,0.778782624463106,0.8153488372093023,0.809375,0.8116887090742189,0.8554222470238094,0.5591614245528838
ImgSE_Concat,3,0.17,0.815625,0.6989247311827957,0.6770833333333334,0.6878306878306878,0.8634361233480177,0.875,0.8691796008869179,0.7811804272654067,0.7760416666666667,0.7785051443588029,0.814082705698451,0.815625,0.8147749269700488,0.8701171875,0.5571983983336215
ImgSE_Concat,4,0.5400000000000004,0.828125,0.6990291262135923,0.75,0.7236180904522613,0.8894009216589862,0.8616071428571429,0.8752834467120182,0.7942150239362893,0.8058035714285714,0.7994507685821397,0.8322893830253679,0.828125,0.8297838398340911,0.8867652529761905,0.5999066763677826
ImgSE_Concat,5,0.2500000000000001,0.853125,0.7525773195876289,0.7604166666666666,0.7564766839378239,0.8968609865470852,0.8928571428571429,0.8948545861297539,0.824719153067357,0.8266369047619048,0.8256656350337889,0.8535758864592484,0.853125,0.8533412154721749,0.8930896577380953,0.6513532346579042
MetaCondSE_Concat,1,0.3500000000000002,0.821875,0.7142857142857143,0.6770833333333334,0.6951871657754011,0.8646288209606987,0.8839285714285714,0.8741721854304636,0.7894572676232066,0.7805059523809523,0.7846796756029324,0.8195258889582033,0.821875,0.8204766795339449,0.8563058035714286,0.5698929251297502
MetaCondSE_Concat,2,0.7800000000000006,0.8125,0.6730769230769231,0.7291666666666666,0.7,0.8796296296296297,0.8482142857142857,0.8636363636363636,0.7763532763532763,0.7886904761904762,0.7818181818181817,0.8176638176638177,0.8125,0.8145454545454545,0.8408203125,0.5649090509001449
MetaCondSE_Concat,3,0.4700000000000003,0.828125,0.6952380952380952,0.7604166666666666,0.7263681592039801,0.8930232558139535,0.8571428571428571,0.8747152619589977,0.7941306755260243,0.8087797619047619,0.8005417105814889,0.8336877076411959,0.828125,0.8302111311324925,0.867978050595238,0.6027324446479136
MetaCondSE_Concat,4,0.7600000000000006,0.815625,0.6831683168316832,0.71875,0.700507614213198,0.8767123287671232,0.8571428571428571,0.8668171557562077,0.7799403227994033,0.7879464285714286,0.7836623849847029,0.8186491251864911,0.815625,0.8169242932933048,0.8524925595238095,0.5678303132564201
MetaCondSE_Concat,5,0.7700000000000006,0.7875,0.6044776119402985,0.84375,0.7043478260869566,0.9193548387096774,0.7633928571428571,0.8341463414634146,0.7619162253249879,0.8035714285714286,0.7692470837751856,0.8248916706788638,0.7875,0.7952067868504772,0.8869512648809524,0.5639513549516226
ImgSE_AuxTask,1,0.5000000000000003,0.80625,0.6517857142857143,0.7604166666666666,0.7019230769230769,0.8894230769230769,0.8258928571428571,0.8564814814814815,0.7706043956043955,0.7931547619047619,0.7792022792022792,0.8181318681318681,0.80625,0.81011396011396,0.8780691964285714,0.5633079696357529
ImgSE_AuxTask,2,0.3800000000000002,0.765625,0.5801526717557252,0.7916666666666666,0.6696035242290749,0.8941798941798942,0.7544642857142857,0.8184019370460048,0.7371662829678096,0.7730654761904762,0.7440027306375399,0.7999717274526434,0.765625,0.7737624132009259,0.8759300595238095,0.5089672838009538
ImgSE_AuxTask,3,0.6900000000000005,0.8,0.6454545454545455,0.7395833333333334,0.6893203883495146,0.8809523809523809,0.8258928571428571,0.8525345622119815,0.7632034632034632,0.7827380952380952,0.770927475280748,0.8103030303030302,0.8,0.8035703100532414,0.8576543898809524,0.5455919568550008
ImgSE_AuxTask,4,0.18000000000000002,0.853125,0.7692307692307693,0.7291666666666666,0.7486631016042781,0.8864628820960698,0.90625,0.8962472406181016,0.8278468256634195,0.8177083333333333,0.8224551711111898,0.8512932482364797,0.853125,0.8519719989139546,0.888485863095238,0.6454755411947037
ImgSE_AuxTask,5,0.4600000000000003,0.84375,0.75,0.71875,0.7340425531914894,0.881578947368421,0.8973214285714286,0.8893805309734514,0.8157894736842105,0.8080357142857143,0.8117115420824703,0.8421052631578947,0.84375,0.8427791376388628,0.8707682291666666,0.6237769989033759
MetaCondSE_AuxTask,1,0.6400000000000005,0.81875,0.6826923076923077,0.7395833333333334,0.71,0.8842592592592593,0.8526785714285714,0.8681818181818182,0.7834757834757835,0.7961309523809523,0.7890909090909091,0.8237891737891738,0.81875,0.8207272727272727,0.8450055803571429,0.5794685625212825
MetaCondSE_AuxTask,2,0.5300000000000004,0.7875,0.609375,0.8125,0.6964285714285714,0.90625,0.7767857142857143,0.8365384615384616,0.7578125,0.7946428571428572,0.7664835164835164,0.8171875,0.7875,0.7945054945054946,0.873046875,0.5512263114443753
MetaCondSE_AuxTask,3,0.3700000000000002,0.825,0.7040816326530612,0.71875,0.711340206185567,0.8783783783783784,0.8705357142857143,0.874439461883408,0.7912300055157198,0.7946428571428572,0.7928898340344875,0.8260893546607833,0.825,0.8255096851740558,0.8685360863095238,0.5858629222297029
MetaCondSE_AuxTask,4,0.8700000000000007,0.75,0.5555555555555556,0.8333333333333334,0.6666666666666666,0.9090909090909091,0.7142857142857143,0.8,0.7323232323232323,0.7738095238095238,0.7333333333333334,0.803030303030303,0.75,0.76,0.8682105654761905,0.5044296328024895
MetaCondSE_AuxTask,5,0.5000000000000003,0.8375,0.7115384615384616,0.7708333333333334,0.74,0.8981481481481481,0.8660714285714286,0.8818181818181818,0.8048433048433048,0.8184523809523809,0.8109090909090909,0.8421652421652421,0.8375,0.8392727272727273,0.8872302827380952,0.6231470973846959
ImgSE_BidirCrossAttn,1,0.6000000000000004,0.80625,0.6545454545454545,0.75,0.6990291262135923,0.8857142857142857,0.8303571428571429,0.8571428571428571,0.7701298701298701,0.7901785714285714,0.7780859916782247,0.8163636363636362,0.80625,0.8097087378640776,0.8542131696428572,0.5599496399301325
ImgSE_BidirCrossAttn,2,0.22000000000000006,0.79375,0.6339285714285714,0.7395833333333334,0.6826923076923077,0.8798076923076923,0.8169642857142857,0.8472222222222222,0.7568681318681318,0.7782738095238095,0.7649572649572649,0.8060439560439561,0.79375,0.7978632478632479,0.8581659226190476,0.5347136564562731
ImgSE_BidirCrossAttn,3,0.7100000000000005,0.79375,0.6271186440677966,0.7708333333333334,0.6915887850467289,0.8910891089108911,0.8035714285714286,0.8450704225352113,0.7591038764893439,0.7872023809523809,0.7683296037909702,0.8118979694579627,0.79375,0.7990259312886666,0.8467261904761906,0.545583175113497
ImgSE_BidirCrossAttn,4,0.5200000000000004,0.828125,0.7252747252747253,0.6875,0.7058823529411765,0.868995633187773,0.8883928571428571,0.8785871964679912,0.7971351792312491,0.7879464285714286,0.7922347747045839,0.8258793608138586,0.828125,0.8267757434099468,0.8911365327380952,0.5850094483427408
ImgSE_BidirCrossAttn,5,0.8700000000000007,0.8,0.6311475409836066,0.8020833333333334,0.7064220183486238,0.9040404040404041,0.7991071428571429,0.8483412322274881,0.7675939725120053,0.8005952380952381,0.777381625288056,0.8221725451233649,0.8,0.8057654680638289,0.864443824404762,0.5672300199393429
Img_SE_Add,1,0.42000000000000026,0.80625,0.6847826086956522,0.65625,0.6702127659574468,0.8552631578947368,0.8705357142857143,0.8628318584070797,0.7700228832951945,0.7633928571428572,0.7665223121822633,0.8041189931350115,0.80625,0.8050461306721898,0.8518880208333333,0.533374535294191
Img_SE_Add,2,0.7900000000000006,0.778125,0.5968992248062015,0.8020833333333334,0.6844444444444444,0.900523560209424,0.7678571428571429,0.8289156626506025,0.7487113925078128,0.7849702380952381,0.7566800535475234,0.8094362595884572,0.778125,0.7855742971887552,0.8716052827380952,0.5324484754037695
Img_SE_Add,3,0.2500000000000001,0.809375,0.6842105263157895,0.6770833333333334,0.680628272251309,0.8622222222222222,0.8660714285714286,0.8641425389755011,0.7732163742690059,0.7715773809523809,0.772385405613405,0.8088187134502924,0.809375,0.8090882589582435,0.8410063244047619,0.5447912897882348
Img_SE_Add,4,0.3600000000000002,0.825,0.7,0.7291666666666666,0.7142857142857143,0.8818181818181818,0.8660714285714286,0.8738738738738738,0.7909090909090909,0.7976190476190477,0.7940797940797941,0.8272727272727274,0.825,0.8259974259974259,0.8371465773809523,0.5884898863364997
Img_SE_Add,5,0.8200000000000006,0.771875,0.583941605839416,0.8333333333333334,0.6866952789699571,0.912568306010929,0.7455357142857143,0.8206388206388207,0.7482549559251725,0.7894345238095238,0.7536670498043889,0.8139802959594752,0.771875,0.7804557581381616,0.8407273065476192,0.5361102683275396
Img_SE_Gated,1,0.27000000000000013,0.809375,0.6767676767676768,0.6979166666666666,0.6871794871794872,0.8687782805429864,0.8571428571428571,0.8629213483146068,0.7727729786553317,0.7775297619047619,0.775050417747047,0.8111750994103936,0.809375,0.810198789974071,0.8632347470238095,0.5502821815042419
Img_SE_Gated,2,0.3500000000000002,0.815625,0.6907216494845361,0.6979166666666666,0.694300518134715,0.8699551569506726,0.8660714285714286,0.8680089485458613,0.7803384032176044,0.7819940476190477,0.7811547333402882,0.8161851047108316,0.815625,0.8158964194225173,0.8362630208333334,0.5623300135201496
Img_SE_Gated,3,0.6100000000000004,0.8,0.6311475409836066,0.8020833333333334,0.7064220183486238,0.9040404040404041,0.7991071428571429,0.8483412322274881,0.7675939725120053,0.8005952380952381,0.777381625288056,0.8221725451233649,0.8,0.8057654680638289,0.8798363095238095,0.5672300199393429
Img_SE_Gated,4,0.4700000000000003,0.83125,0.71875,0.71875,0.71875,0.8794642857142857,0.8794642857142857,0.8794642857142857,0.7991071428571428,0.7991071428571428,0.7991071428571428,0.83125,0.83125,0.83125,0.8844401041666667,0.5982142857142857
Img_SE_Gated,5,0.3200000000000002,0.859375,0.7628865979381443,0.7708333333333334,0.7668393782383419,0.9013452914798207,0.8973214285714286,0.8993288590604027,0.8321159447089825,0.8340773809523809,0.8330841186493723,0.8598076834173177,0.859375,0.8595820148137845,0.9004371279761905,0.6661904381808632
